id	剧本id	播放顺序	所属关卡（策划用）	使用文本框(31:旁白普通框;11:左普通框;12:左爆炸框;22:右爆炸框)	发言人	语言包文本信息	语言特效ID（预留）	左头像ID	左头像镜像(0:否;1:是)	左是否高亮	左头像动作	右头像ID	右头像镜像(0:否;1:是)	右是否高亮	左头像动作	镜头动作(瞬时)	镜头效果(持续)	自动关闭对话框(毫秒)	音效	背景是否置灰
id	scriptId	order	desc	textBg	name	text	effect	headL	headMirrorL	isSpeakingL	actionL	headR	headMirrorR	isSpeakingR	actionR	cameraAction	cameraAction2	autoShutTime	voice	showBG
number	number	number	comment	number	string	json	string	string	boolean	boolean	number	string	boolean	boolean	number	number	number	number	number	number
int	int	int																		
1	1995	1	1-1-1开场动画中	11	无名少女	[{"text":"为什么，为什么要攻击我！","speed":10}]		10101_b2		1		10201_b1	1							
2	1995	2		21	鸢一折纸	[{"text":"因为你是精灵，不应该存在于这个世界！","speed":10}]		10101_b1				10201_f1	1	1						
3	1998	1	1-1-1开场动画结束	21	鸢一折纸	[{"text":"嘁！……","speed":10}]		10101_a1				10201_f1	1	1						1
4	1998	2		11	无名少女	[{"text":"不能存在于这个世界？为什么？回答我的问题！","speed":10}]		10101_a2		1		10201_b1	1							1
5	1998	3		22	日下部燎子	[{"text":"折纸！支援已经赶到了，你先退下来！","speed":10}]		10101_a1				30201_b2	1	1						1
6	1999	1	1-1-1第一波小怪	21	日下部燎子	[{"text":"目标靠的太近了，A队，准备展开接近战！"}]						30201_b1	1	1						
7	1999	2		22	AST队员	[{"text":"是！"}]						20101_a2	1	1						
8	1001	1	1-1-1BOSS出现	11	无名少女	[{"text":"哼，早就说过这种东西对我是没用的。","speed":10}]		10101_b1		1		10201_f1	1							1
9	1001	2		21	机甲少女	[{"text":"哪怕只有百万分之一的概率","speed":10}]		10101_b1				10201_f1	1	1						1
10	1001	3		21	机甲少女	[{"text":"只要能杀死你，我也会不断尝试。","speed":10}]		10101_b1				10201_f1	1	1						1
11	1001	4		12	无名少女	[{"text":"吵死了！真是个难缠的家伙。","speed":10}]		10101_b2		1		10201_f1	1							1
12	1002	1	1-1-3开场	11	十香	[{"text":"又是你吗？","speed":10}]		10101_b1		1		10201_b1	1							1
13	1002	2		21	鸢一折纸	[{"text":"居然把 %s 当做人质，不可原谅！","speed":10}]		10101_a1		1		10201_f1	1	1						1
14	1002	3		21	日下部燎子	[{"text":"折纸，找到人质带他离开！其他人，拖住精灵！","speed":10}]						30201_b1	1	1						1
15	1002	4		21	鸢一折纸	[{"text":"了解。","speed":10}]						10201_b2	1	1						
16	1996	1		12	十香	[{"text":"站住！你们要对 %s 做什么？","speed":10}]		10101_b2		1										
17	1997	1	1-1-5过场	11	十香	[{"text":"够了，把 %s 交出来！","speed":10}]		10101_b2		1										
18	1997	2		22	日下部燎子	[{"text":"折纸！还没有找到人吗！","speed":10}]		10101_b1				30201_b2	1	1						
19	1997	3		21	折纸	[{"text":"不行……检测不到任何反应。","speed":10}]		10101_b1				10201_b1	1	1						
20	1997	4		21	日下部燎子	[{"text":"什么情况？……既然如此，集中精力对付精灵吧！","speed":10}]						30201_b1	1	1						
21	1003	1	1-1-4BOSS战打到一半	11	十香	[{"text":"哼，你还是住手吧，已经伤成这样了。","speed":10}]		10101_a2		1		10201_b1	1							1
22	1003	2		22	鸢一折纸	[{"text":"只要能够消灭你！","speed":10}]		10101_a1				10201_f1	1	1						1
23	1003	3		11	十香	[{"text":"哼，不自量力！","speed":10}]		10101_b1		1		10201_f1	1							1
24	1003	4		21	日下部燎子	[{"text":"折纸！","speed":10,"delay":800},{"text":"可恶……目标已被引导至指定位置！A队，支援折纸！","speed":10}]						30201_b2	1	1						1
25	1004	1	1-1-4结束1	22	十香	[{"text":"比起与你们刀刃相向，还是和 %s 聊天更有趣。再会吧。","speed":10}]						10101_a1	1	1						1
26	1004	2		11	鸢一折纸	[{"text":"不要跑！………咳咳………","speed":10}]		10201_g		1										1
27	1005	1	1-1-4结束2	21	AST队员	[{"text":"报告队长，目标的反应消失了！","speed":10}]						20101_a2	0	1						1
28	1005	2		11	日下部燎子	[{"text":"………收队！","speed":10}]		30201_a2		1		20101_a2	0							1
29	1006	1	1-1-4结束3	22	日下部燎子	[{"text":"折纸，你这样战斗迟早有一天会死的。","speed":10}]						30201_b1	1	1						1
30	1006	2		11	鸢一折纸	[{"text":"无所谓，只要能够消灭……咳咳……","speed":10}]		10201_g		1		30201_b1	1							1
31	1006	3		21	日下部燎子	[{"text":"哎，真是死脑筋！","speed":10}]		10201_a1				30201_b1	1	1						1
32	1007	1	1-2-2开场1	21	日下部燎子	[{"text":"这个……怪物……折纸！快撤退！折纸！","speed":10}]						30201_b1	1	1						1
33	1007	2		21	日下部燎子	[{"text":"可恶……支援部队呢？掩护折纸！","speed":10}]						30201_b2	1	1						1
34	1007	3	1-2-2过场1	12	十香	[{"text":"不要妨碍我！","speed":10}]		10101_f1		1										1
35	1009	1	1-2-2结束1	11	十香	[{"text":"就是你吧……就是你将吾的友人，吾之挚友，士道杀死的吧。","speed":10}]		10101_f1		1										1
36	1009	2		21	鸢一折纸	[{"text":"……我……和精灵一样……把无辜的人给……","speed":10}]		10101_f1				10201_i	1	1						1
37	1010	1	1-2-2结束2	11	十香	[{"text":"结束吧。","speed":10}]		10101_f2		1		10201_i	1							1
38	1010	2		11	十香	[{"text":"%s，我现在就为你报仇雪恨——","speed":10}]		10101_f2		1		10201_i	1							1
39	1011	1	1-1-7开场动画结束	11	AST分队长	[{"text":"情报称【Princess】已经失去了部分的能力—。","speed":10},{"text":"如果发现目标，立刻开始歼灭作战！","speed":10}]		30201_a2		1										
40	1011	2		22	AST队员	[{"text":"是，长官！","speed":10}]		30201_a2				20101_a1	1	1						
41	1012	1		22	AST分队长	[{"text":"发现目标，各分队按计划开始作战","speed":10}]						30201_a2	1	1						
42	1012	2		11	十香	[{"text":"哼，不自量力！","speed":10}]		10104_b1		1		30201_a2	1							
43	2001	1	2-1-2结束	22	AST队员	[{"text":"目标高度下降，进入城市区域了……好、好快！"}]						20101_a2	1	1						
44	2001	2		12	日下部燎子	[{"text":"到处跑来跑去的真是烦人！全员，降低高度，追上去！"}]		30201_b1		1		20101_a2	1							
45	2002	1	2-1-3开场	11	四糸奈	[{"text":"那些人到底怎么回事啊，又是突然就开始发起攻击了。","speed":10}]		10399_a2		1										
46	2002	2		21	四糸乃	[{"text":"四糸奈也……不知道吗？……","speed":10}]		10399_a2				10301_a1	1	1						
47	2002	3		11	四糸奈	[{"text":"对呀。要不然我们随便抓住一个来问一问吧？","speed":10}]		10399_a2		1		10301_a1	1							
48	2002	4		21	四糸乃	[{"text":"不……不行……不能做那种事情……","speed":10}]		10399_a2				10301_a1	1	1						
49	2002	5		11	AST队员	[{"text":"发、发现目标！E5区域，坐标……36,140！","speed":10}]		20101_a1		1										
50	2002	6		21	四糸乃	[{"text":"真是缠人啊！","speed":10}]						10301_i1	1	1						
51	2003	1	2-1-3结束1	21	四糸乃	[{"text":"啊哈哈，你们捉迷藏好厉害啊！但是四糸乃更厉害哦！嘎哈！","speed":10}]						10301_a1	1	1						
53	2004	1	2-1-3结束2	21	AST队员	[{"text":"队长，目标跑到建筑里面了！要追吗？","speed":10}]						20101_a2	1	1						
54	2004	2		11	日下部燎子	[{"text":"等等，在室内作战对我们也很不利。","speed":10}]		30201_a2		1		20101_a2	1							
55	2004	3		12	日下部燎子	[{"text":"全员，保持警戒，守住出口，发现目标立刻通知所有人","speed":10}]		30201_b2		1		20101_a2	1							
56	2004	4		21	AST队员	[{"text":"是！","speed":10}]		30201_b2				20101_a2	1	1						
57	2005	1	2-2-1开场	11	日下部燎子	[{"text":"还没出来吗？今天真是安静地过分啊。"}]		30201_a1		1		20101_a2	1							
58	2005	2		21	鸢一折纸	[{"text":"攻击许可呢？"}]		30201_a1				10201_b1	1	1						
59	2005	3		11	日下部燎子	[{"text":"上级要求我们继续待命，毕竟只是<Hermit>而已。"}]		30201_a1		1		10201_b1	1							
60	2005	4		11	日下部燎子	[{"text":"威胁等级完全比不上<Princess>。"}]		30201_a1		1		10201_b1	1							
61	2005	5		21	鸢一折纸	[{"text":"<Princess>……"}]		30201_a1				10201_b1	1	1						
62	2005	6		12	AST队员	[{"text":"出、出现强烈灵波反应！精灵开始行动了！"}]		20101_a2		1										
63	2005	7		12	日下部燎子	[{"text":"全员！发现目标后立即展开攻击！"}]		30201_b2		1		20101_a2	1							
64	2006	1	2-2-1结束	11	日下部燎子	[{"text":"这么横冲直撞的，终于露出本性了吗？"}]		30201_b1		1										
65	2006	2		12	日下部燎子	[{"text":"A队从西北方向包抄，其他人，和我一起追击！"}]		30201_b2		1										
66	2007	1	2-2-2结束1	22	四糸奈	[{"text":"请不要……过来！"}]		30201_b2				10301_i2	1	1						
67	2008	1	2-2-2结束2	12	AST队员	[{"text":"队、队长！<Hermit>的灵波反应消失了！"}]		20101_a2		1		30201_a2	1							
68	2008	2		21	日下部燎子	[{"text":"竟然在这种时候消失……"}]		20101_a2				30201_a2	1	1						
69	2008	3		21	日下部燎子	[{"text":"全员，解除警戒，返回基地咯。"}]		20101_a2				30201_a1	1	1						
70	2009	1	2-2-1B1开场	11	四糸乃	[{"text":"四糸奈……呜……在哪里？","speed":10}]		10301_i3		1										
71	2009	2		11	四糸乃	[{"text":"四糸奈不在的话……我一个人……呜……","speed":10}]		10301_i4		1										
74	2010	1	2-2-1B1结束	12	日下部燎子	[{"text":"什么！？……随意领域被冻住了？开什么玩笑！？"}]		30201_b1		1		20101_a2	1							
75	2010	2		12	日下部燎子	[{"text":"退回来！保持高度！不要靠近！"}]		30201_a2		1		20101_a2	1							
76	2010	3		21	AST队员	[{"text":"目标开始逃离了……队长、怎么办？"}]		30201_a2				20101_a2	1	1						
77	2010	4		11	日下部燎子	[{"text":"咕……追，追上去！"}]		30201_b2		1		20101_a2	1							
78	2011	1	2-2-1B2结束1	12	四糸乃	[{"text":"……不要……不要……请不要弄疼我！"}]		10301_i1		1										
79	2012	1	2-2-1B2结束2	21	日下部燎子	[{"text":"简直就像茧一样。"}]		10301_i1				30201_a2	1	1						
80	2012	2		11	AST队员	[{"text":"一旦有魔力反应就会被冻住"}]		20101_a2		1		30201_a2	1							
81	2012	3		11	AST队员	[{"text":"解除随意领域的话又会被子弹一样的冰雹攻击。"}]		20101_a2		1		30201_a2	1							
82	2012	4		11	AST队员	[{"text":"怎么办？"}]		20101_a2		1		30201_a2	1							
83	2012	5		11	鸢一折纸	[{"text":"我有一个想法……"}]		10201_b1		1		30201_a2	1							
84	2013	1	2-2-3开场	11	夜刀神十香	[{"text":"在 %s 行动的时候，我必须吸引AST的注意。","speed":10}]		10104_a1		1										
85	2014	1	2-2-3结束	11	夜刀神十香	[{"text":"可恶……只有这点力量的话根本就……","speed":10}]		10104_g		1										
86	2014	2		12	夜刀神十香	[{"text":"『鏖杀公』！回应我的愿望吧！","speed":10}]		10104_b2		1										
87	2015	1	2-2-4开场	21	日下部燎子	[{"text":"A队，用随意领域压制结界！","speed":10}]						30201_a2	1	1						
88	2015	2		21	日下部燎子	[{"text":"B队，在结界外围最近的距离待命！","speed":10}]						30201_b1	1	1						
89	2015	3		22	日下部燎子	[{"text":"一旦结界消失，就全力攻击目标！","speed":10}]						30201_b2	1	1						
90	2015	4		12	AST队员	[{"text":"是！","speed":10}]		20101_a1		1		30201_b2	1							
91	2016	1	2-2-4过场	12	AST队员	[{"text":"发、发现其他精灵的反应！","speed":10}]						20101_a2	1	1						
92	2016	2		12	AST队员	[{"text":"这……这是<Princess>灵波反应！向我们发动攻击了！","speed":10}]						20101_a2	1	1						
93	2016	3		22	日下部燎子	[{"text":"什么！？一次出现两个精灵？从来没有听说过！","speed":10}]						30201_b1	1	1						
95	2016	4		12	夜刀神十香	[{"text":"不会让你们妨碍 %s 的！","speed":10}]		10104_b2		1		30201_b1	1							
96	2016	5	2-2-5结束	22	日下部燎子	[{"text":"全员，优先消灭<Princess>！","speed":10}]		10104_b2				30201_b2	1	1						
97	2017	2		12	夜刀神十香	[{"text":"哼哼，正合我意，来吧！","speed":10}]		10101_b2		1		30201_b2	1							
																				
																				
98	2018	1	2-1-3结束1	22	四糸乃	[{"text":"能不能不要再追我了！","speed":10}]						10301_i3	1	1						
99	2019	1	2-1-3结束2	21	AST队员	[{"text":"队长，第二分队从指定区域开始包围目标！","speed":10}]						20101_a2	1	1						
100	2019	2		11	日下部燎子	[{"text":"哼，她逃不了的。","speed":10}]		30201_a2		1		20101_a2	1							
																				
101	2020	1	2-2-2结束1	22	四糸奈	[{"text":"请不要……过来！"}]		10301_i2		1										
																				
																				
																				
																				
																				
																				
																				
																				
																				
																				
																				
																				
																				
																				
																				
																				
																				
																				
																				
																				
																				
																				
																				
																				
																				
																				
																				
																				
																				
																				
																				
																				
																				
																				
																				
																				
																				
																				
																				
																				
																				
																				
																				
																				
																				
																				
																				
																				
																				
																				
																				
																				
																				
																				
																				
																				
																				
																				
																				
																				
																				
																				
																				
																				
																				
																				
																				
																				
																				
																				
																				
																				
																				
																				
																				
																				
																				
																				
																				
																				
																				
																				
																				
																				
																				
																				
																				
																				
																				
																				
																				
																				
																				
																				
																				
																				
																				
																				
																				
																				
																				
																				
																				
																				
102	3001	1	3-1-2过场	21	鸢一折纸	[{"text":"你居然还会装作自己是人类，「梦魇」。"}]														
103	3001	2		11	时崎狂三	[{"text":"啊啦啊啦，世间真是无奇不有呢"}]														
104	3001	3		11	时崎狂三	[{"text":"刚转校的第一天，我就被同班同学追杀。"}]														
105	3001	4		11	时崎狂三	[{"text":"我真的那么有魅力吗？"}]														
106	3001	5		22	鸢一折纸	[{"text":"哼！不会再让你接近 %s 了！"}]														
107	3002	1	3-1-3开场	22	鸢一折纸	[{"text":"咕——！……"}]														
108	3002	2		12	时崎狂三	[{"text":"你还缺乏锻炼呢，折纸同学，嘻嘻嘻！"}]														
109	3002	3		21	崇宫真那	[{"text":"退下吧，鸢一下士，接下里交给我吧。"}]														
110	3002	4		21	崇宫真那	[{"text":"给我认真看好咯。"}]														
111	3003	1	3-1-3结束	11	时崎狂三	[{"text":"我怎么会……咕啊！……"}]														
112	3003	2		21	崇宫真那	[{"text":"又杀死了一次呢，「梦魇」。"}]														
113	3003	3		21	鸢一折纸	[{"text":"又？……什么意思？……"}]														
114	3003	4		21	崇宫真那	[{"text":"最近马上就会出现吧。鸢一下士，不要放松警惕哦。"}]														
115	3003	5		21	鸢一折纸	[{"text":"……是。"}]														
116	3004	1	3-2-1开场	11	时崎狂三	[{"text":"折纸同学？这是怎么回事呢？"}]														
117	3004	2		11	时崎狂三	[{"text":"带着那种看上去很危险的东西。"}]														
118	3004	3		21	鸢一折纸	[{"text":"你为什么还活着？"}]														
119	3004	4		11	时崎狂三	[{"text":"咦？"}]														
120	3004	5		21	鸢一折纸	[{"text":"——你昨天已经被杀死了。"}]														
121	3004	6		11	时崎狂三	[{"text":"啊，啊，原来如此。昨天我和你交过手了吧。"}]														
122	3004	7		11	时崎狂三	[{"text":"这可不好哦，折纸同学。你其实应该……"}]														
123	3004	8		12	时崎狂三	[{"text":"在引起我的戒备之前就下手的！"}]														
124	3005	1	3-2-2结束	11	时崎狂三	[{"text":"嘻嘻嘻嘻嘻！虽然我的目的只是 %s 同学"}]														
125	3005	2		11	时崎狂三	[{"text":"但是折纸，鸢一折纸，你看起来也很棒呢。"}]														
126	3005	3		12	时崎狂三	[{"text":"好想现在就把你吃掉啊，嘻嘻嘻嘻！"}]														
127	3005	4		22	鸢一折纸	[{"text":"嘶！……不要……碰我……！"}]														
128	3005	5		11	时崎狂三	[{"text":"但是你的顺序落在 %s 之后哦。"}]														
129	3005	6		12	时崎狂三	[{"text":"请你变得，更加，更加美味吧！嘻嘻嘻嘻！"}]														
130	3006	1	3-3-1B1开场1	21	夜刀神十香	[{"text":"这是……什么……使不上力气……"}]														
131	3006	2		21	夜刀神十香	[{"text":"难道……不行……我必须要去帮助 %s ！"}]														
132	3006	3		22	夜刀神十香	[{"text":"动起来……动起来……哈啊！——"}]														
133	3007	1	3-3-1B1开场2	21	夜刀神十香	[{"text":"这样就行了，接下来——哈！？"}]														
134	3008	1	3-3-1B1开场3	21	夜刀神十香	[{"text":"狂三吗！"}]														
135	3008	2		11	时崎狂三	[{"text":"十香小姐，我不能让你通过这里。"}]														
136	3008	3		22	夜刀神十香	[{"text":"是吗？有本事就试试看吧！"}]														
137	3009	1	3-3-1B1结束	21	夜刀神十香	[{"text":"前面就是天台了吗？"}]														
138	3009	2		22	夜刀神十香	[{"text":"%s ，等着我！"}]														
139	3010	1	3-3-1C1开场	21	鸢一折纸	[{"text":"确认无误，我所处的位置正遭受「梦魇」的攻击。"}]														
140	3010	2		21	日下部燎子	[{"text":"支援会在15分钟内抵达，折纸，不要轻举妄动。"}]														
141	3010	3		22	鸢一折纸	[{"text":"是！"}]														
142	3011	1	3-3-1C1结束	32		[{"text":"「否则我就咬舌自尽！」"}]														
143	3011	2		22	鸢一折纸	[{"text":"这个声音是……难道说！——"}]														
144	3011	3		22	鸢一折纸	[{"text":"这里是折纸，情况十分危急，我上了！"}]														
145	3012	1	3-3-2开场	11	时崎狂三	[{"text":"撒，%s 同学，把你的力量交给我"}]														
146	3012	2		12	时崎狂三	[{"text":"成为我的一部分吧！"}]														
147	3013	1	3-3-2开场2	21	崇宫真那	[{"text":"你竟然在这里大肆作乱呀，「梦魇」。"}]														
148	3013	2		11	时崎狂三	[{"text":"这次来的真迟，我还以为你会缺席如此华丽的结局。"}]														
149	3013	3		21	崇宫真那	[{"text":"那个就放心好了。"}]														
150	3013	4		21	崇宫真那	[{"text":"只要你还能复活，我就会追杀你一辈子。"}]														
151	3013	5		12	时崎狂三	[{"text":"嘻嘻嘻嘻！这次就让我「认真地」领教一下你的本领吧！"}]														
152	3014	1	3-3-3转阶段	11	时崎狂三	[{"text":"真是能干呢，这么轻易地伤到我。"}]														
153	3014	2		11	时崎狂三	[{"text":"但是，你是杀不尽「我」的！"}]														
154	3014	3		12	时崎狂三	[{"text":"来吧，来吧，出来吧！「刻刻帝」！"}]														
155	3015	1	3-3-3结束1	22	崇宫真那	[{"text":"咳……咳……！"}]														
156	3015	2		22	夜刀神十香	[{"text":"%s ！"}]														
157	3015	3		22	鸢一折纸	[{"text":"%s ……！"}]														
158	3015	4		11	时崎狂三	[{"text":"终于到齐了呢。"}]														
159	3016	1	3-3-3结束2	22	夜刀神十香	[{"text":"这是什么……！？"}]														
160	3016	2		11	时崎狂三	[{"text":"真是花了不少时间呢。"}]														
161	3016	3		11	时崎狂三	[{"text":"不过无妨，接下来就从你们身上取回来就好。"}]														
162	3017	1	3-3-4开场	11	时崎狂三	[{"text":"您是哪位啊？可以不要打断故事的高潮吗？"}]														
163	3017	2		21	五河琴里	[{"text":"很抱歉，你做地太过分了，现在开始进入爱的惩罚时间。"}]														
164	3017	3		11	时崎狂三	[{"text":"惩罚，你要惩罚我吗？嘻嘻嘻嘻……"}]														
165	3017	4		11	时崎狂三	[{"text":"你还真是过度自信呢，我的「刻刻帝」会——"}]														
166	3017	5		22	五河琴里	[{"text":"别说废话了，开始我们的「战争」吧！"}]														
167	3018	1	3-3-4过场	11	时崎狂三	[{"text":"你到底是怎么回事……"}]														
168	3018	2		21	五河琴里	[{"text":"哎呀，这就结束了吗？我还以为稍微能有点——……"}]														
169	3018	3		21	五河琴里	[{"text":"哈啊！？……糟糕……力量使用过度了……"}]														
170	3018	4		11	时崎狂三	[{"text":"看来你的好运到此——"}]														
171	3018	5		22	五河琴里	[{"text":"呵……呵呵……呵呵呵呵！"}]														
172	3018	6		22	五河琴里	[{"text":"战争还没有结束，来吧，来继续厮杀吧！狂三！"}]														
173	3019	1	3-3-4结束	22	五河琴里	[{"text":"哈哈哈，哈哈哈哈，哈哈哈哈哈哈！"}]														
174	3019	2		21	五河琴里	[{"text":"狂三……拿起你的枪。"}]														
175	3019	3		21	五河琴里	[{"text":"你所希望的战争，还没有结束。"}]														
176	3019	4		11	时崎狂三	[{"text":"嘶……！"}]														
177	3019	5		21	五河琴里	[{"text":"是嘛……真是无趣啊，如果你已经无法举起你的武器的话……"}]														
178	3019	6		22	五河琴里	[{"text":"就准备受死吧！"}]														
179	4001	1	4-1-4开场	21	鸢一折纸	[{"text":"DEM送来的新武器就在前面的仓库吗……"}]														
180	4002	1	4-1-4结束	21	鸢一折纸	[{"text":"抱歉了，诸位……"}]														
181	4003	1	4-1-5结束	21	鸢一折纸	[{"text":"只要有这个，就能杀死精灵了。"}]														
182	4003	2		22	鸢一折纸	[{"text":"五河琴里……伊芙利特！"}]														
183	4004	1	4-3-1结束	11	五河琴里	[{"text":"什么嘛，你的玩具这么经不起折腾吗？"}]														
184	4004	2		11	五河琴里	[{"text":"既然你无法战斗了，就没必要留你一命了。"}]														
185	4004	3		22	鸢一折纸	[{"text":"伊芙……利特！"}]														
186	4004	4		11	五河琴里	[{"text":"你竟然直到这个让人厌恶的名字呢……"}]														
187	4004	5		22	鸢一折纸	[{"text":"你就是这样……在五年前……把我的父母，杀掉的吗！"}]														
188	4004	6		11	五河琴里	[{"text":"你……说什么……？"}]														
189	4004	7		22	鸢一折纸	[{"text":"我要杀死你……为我的父母报仇！伊芙利特！"}]														
190	4004	8		11	五河琴里	[{"text":"怎、怎么会……我……？"}]														
191	4004	9		11	五河琴里	[{"text":"咕啊——……力量在……"}]														
192	4005	1	4-3-2开场1	22	鸢一折纸	[{"text":"这次不会再失手了……White Lycoris 临界驱动！"}]														
193	4005	2		22	鸢一折纸	[{"text":"五河……琴里……。伊芙利特！"}]														
194	4006	1	4-3-2开场2	12	夜刀神十香	[{"text":"不会让你得逞的！"}]														
195	4006	2		22	四糸乃	[{"text":"请……请住手！"}]														
196	4006	3		22	鸢一折纸	[{"text":"夜刀神……十香！"}]														
197	4007	1	4-3-2结束	12	夜刀神十香	[{"text":"鸢一折纸，我不能让你杀了琴里！"}]														
198	4007	2		22	鸢一折纸	[{"text":"你又知道什么！"}]														
199	4007	3		12	夜刀神十香	[{"text":"我当然直到！你忘了你对 %s 做过的事情吗！"}]														
200	4007	4		12	夜刀神十香	[{"text":"失去 %s 的那个瞬间，那种痛苦，那种悲伤……！"}]														
201	4007	5		12	夜刀神十香	[{"text":"我是绝对不会忘记的！"}]														
202	4007	6		12	夜刀神十香	[{"text":"鸢一折纸，你也想让 %s 体会那种痛苦吗！"}]														
203	4007	7		22	鸢一折纸	[{"text":"我必须……报仇……不要妨碍我！"}]														
204	4007	8		22	鸢一折纸	[{"text":"咕啊——！……"}]														
205	4007	9		21	鸢一折纸	[{"text":"活动……时限？竟然在这种时候？……"}]														
206	4008	1	5-1-4开场	11	八舞耶俱矢	[{"text":"吾辈之间决斗至今已经进行过五十三场了。"}]														
207	4008	2		21	八舞夕弦	[{"text":"铭记。十三胜十三负二十七平。"}]														
208	4008	3		12	八舞耶俱矢	[{"text":"这次就让我们来一个了断吧！"}]														
209	4008	4		21	八舞夕弦	[{"text":"同意。正合我意。"}]														
210	4009	1	5-2-3开场	12	八舞耶俱矢	[{"text":"挑战吾辈？汝等还真是不自量力呢，嗤嗤嗤！"}]														
211	4009	2		21	八舞夕弦	[{"text":"推测。对方肯定在想：耶俱矢？不足畏惧。"}]														
212	4009	3		11	八舞耶俱矢	[{"text":"呵！夕弦，你在旁边看着就好，不要妨碍我。"}]														
213	4009	4		21	八舞夕弦	[{"text":"反对。比较碍事的是耶俱矢才对。"}]														
214	4010	1	5-2-3过场	11	八舞耶俱矢	[{"text":"夕弦！？刚才明明能命中的！"}]														
215	4010	2		21	八舞夕弦	[{"text":"愤慨。耶俱矢才是，差点打到夕弦。"}]														
216	4010	3		11	夜刀神十香	[{"text":"哈哈，你们两个合在一起就是笨蛋组合呐。"}]														
217	4010	4		21	鸢一折纸	[{"text":"你们这种XX，就应该OOO互相XXX，这样才符合失败者。"}]														
218	4010	5		11	八舞耶俱矢	[{"text":"……"}]														
219	4010	6		11	八舞耶俱矢	[{"text":"呐，夕弦，做了她们？"}]														
220	4010	7		21	八舞夕弦	[{"text":"赞同。做了她们吧。"}]														
			5-2-3结束	12	八舞耶俱矢	[{"text":"耶，赢了！不愧是夕弦呐，刚才的迂回奠定了胜利！"}]														
				21	八舞夕弦	[{"text":"惭愧。耶俱矢的进攻非常帅气。"}]														
				12	八舞耶俱矢	[{"text":"啊哈哈，真让人害羞呐……哈！？——"}]														
				12	八舞耶俱矢	[{"text":"才才才没有称赞你！为吾所带来的胜利感到荣光吧！"}]														
				21	八舞夕弦	[{"text":"不悦。刚才为了配合你，做出了人生中最大的牺牲。"}]														
				21	八舞夕弦	[{"text":"现在回想起来，就像泥点一样难以洗净。"}]														
				12	八舞耶俱矢	[{"text":"你才没有牺牲那么多呢！"}]														
			5-3-3开场	11	八舞耶俱矢	[{"text":"决斗的胜利条件是——"}]														
				21	八舞夕弦	[{"text":"当然。已经很明了了。"}]														
				12	八舞耶俱矢/八舞夕弦	[{"text":"倒下的一方获得胜利！"}]														
			5-3-3结束	12	夜刀神十香	[{"text":"这样下去太危险了，我们快离开这儿！"}]														
			5-3-4开场1	11	夜刀神十香	[{"text":"%s ，小心，总觉得周围有什么东西……"}]														
			5-3-4开场2	11	夜刀神十香	[{"text":"你们是什么人！"}]														
				31		[{"text":"「——咔——咔。」"}]														
				12	夜刀神十香	[{"text":"不回答的话，就休怪我无情了！"}]														
			5-3-4BOSS	21	艾伦·马瑟斯	[{"text":"终于没有人会打扰我们了呢，十香小姐。"}]														
				11	夜刀神十香	[{"text":"那副装备……你难道是AST吗？"}]														
				21	艾伦·马瑟斯	[{"text":"很遗憾，猜错了，「公主」。"}]														
				21	艾伦·马瑟斯	[{"text":"不过自我介绍就以后在进行吧，现在我主要想——"}]														
				21	艾伦·马瑟斯	[{"text":"先试试你的身手，「公主」。"}]														
			5-3-4结束1	21	艾伦·马瑟斯	[{"text":"原来别人口中的「公主」，就只有这种程度吗？"}]														
				11	夜刀神十香	[{"text":"嘶！……"}]														
			5-3-4结束2	22	艾伦·马瑟斯	[{"text":"真是碍事！"}]														
				22	艾伦·马瑟斯	[{"text":"撤退命令？「盖提亚」遭到攻击！？我明白了！"}]														
				12	夜刀神十香	[{"text":"%s ！快！趁现在逃走！"}]														
			5-4-3开场	11	八舞耶俱矢	[{"text":"——那些人还真会找时机呢。"}]														
				21	八舞夕弦	[{"text":"同意。真希望能看看气氛。"}]														
				11	八舞耶俱矢	[{"text":"我说，夕弦。"}]														
				21	八舞夕弦	[{"text":"提案。耶俱矢。"}]														
				11	八舞耶俱矢	[{"text":"做了它们？"}]														
				21	八舞夕弦	[{"text":"肯定，做了它们吧。"}]														
			5-4-5结束	12	八舞耶俱矢	[{"text":"嗤嗤！真是一场值得后人称颂的胜利呢！"}]														
				21	八舞夕弦	[{"text":"赞歌。耶俱矢和夕弦的活跃看到了吗？"}]														
				12	八舞耶俱矢	[{"text":"只要有夕弦在，胜利女神就会站在我们这边！"}]														
				21	八舞夕弦	[{"text":"同意。耶俱矢的勇气，会鼓舞所有人。"}]														
				11	八舞耶俱矢	[{"text":"什么嘛，被你这么夸太让人心痒痒啦。"}]														
				21	八舞夕弦	[{"text":"微笑。笑容停不下来。嘻嘻。"}]														
			6-1-4开场	11	诱宵美九	[{"text":"啊，真是太美妙了，这才是客人嘛~"}]														
				11	诱宵美九	[{"text":"你们是来听我唱歌的吗？嘻嘻~"}]														
				21	杰西卡·贝莉	[{"text":"日下部上士，让我见识见识吧？"}]														
				22	日下部燎子	[{"text":"哼。A队，我们上！"}]														
			6-1-5BOSS战	11	诱宵美九	[{"text":"哈~你真可爱呢！~"}]														
				22	鸢一折纸	[{"text":"——！？"}]														
				11	诱宵美九	[{"text":"啊~这个反应也很可爱呢~"}]														
				11	诱宵美九	[{"text":"你没有什么朋友吧，那就让我——呀~！"}]														
				22	鸢一折纸	[{"text":"别开玩笑了！精灵！"}]														
			6-2-1开场	21	杰西卡·贝莉	[{"text":"哼，像小孩子过家家一样。"}]														
				21	杰西卡·贝莉	[{"text":"等等，那是……呵呵，居然真地出现在这里了。"}]														
				22	杰西卡·贝莉	[{"text":"阿尔法小队，更改任务，优先捕获「标本」！"}]														
				12	鸢一折纸	[{"text":"什么！？"}]														
			6-2-2BOSS	21	杰西卡·贝莉	[{"text":"你这是在做什么，下士。"}]														
				12	鸢一折纸	[{"text":"我才要问，你想对他做什么！"}]														
				22	杰西卡·贝莉	[{"text":"不关你的事，给我让开。否则就是违抗命令！"}]														
				12	鸢一折纸	[{"text":"攻击一般人的命令，我不会服从的！"}]														
			6-3-1开场	21	日下部燎子	[{"text":"要抓一个普通人？为什么？"}]														
				21	杰西卡·贝莉	[{"text":"我已经告诉过你们，这是机密事项。"}]														
				22	日下部燎子	[{"text":"不行，我不同意！"}]														
				21	杰西卡·贝莉	[{"text":"这事不需要你同意。你只要管住你的手下，别妨碍我们。"}]														
				21	日下部燎子	[{"text":"什么？如果你们想干架的话——"}]														
				11	鸢一折纸	[{"text":"算我一个。"}]														
			6-3-2结束	22	杰西卡·贝莉	[{"text":"可恶，你们给我记住了！"}]														
				22	日下部燎子	[{"text":"你说什么？我听不见！"}]														
				22	杰西卡·贝莉	[{"text":"哼！"}]														
			6-3-4开场	21	日下部燎子	[{"text":"折纸，你想做什么。"}]														
				11	鸢一折纸	[{"text":"我要去保护 %s 。"}]														
				21	日下部燎子	[{"text":"是嘛……看来是拦不住你了呢。"}]														
				11	鸢一折纸	[{"text":"……"}]														
				21	日下部燎子	[{"text":"哈欠……这么热的天，稍微打个盹吧。"}]														
				21	日下部燎子	[{"text":"我今天你才没有看到谁出入过基地呢。"}]														
				11	鸢一折纸	[{"text":"……抱歉，谢谢。"}]														
			6-4-2A1开场1	21	杰西卡·贝莉	[{"text":"我们已经抵达目的地上空。"}]														
				31		[{"text":"「很好，来让这场祭典更热闹一下吧。」"}]														
				21	杰西卡·贝莉	[{"text":"全员，开始进——"}]														
			6-4-2A1开场2	22	杰西卡·贝莉	[{"text":"竟然是White Lycoris！？"}]														
				21	杰西卡·贝莉	[{"text":"为什么你会开着那个——"}]														
				11	鸢一折纸	[{"text":"锁定坐标，随意领域展开。"}]														
				22	杰西卡·贝莉	[{"text":"可恶！"}]														
			6-4-2A1结束1	12	鸢一折纸	[{"text":"锁定，锁定，锁定——咳……防御性随意领域展开！"}]														
			6-4-2A1结束2	11	鸢一折纸	[{"text":"啊——！……怎么会……"}]														
				11	鸢一折纸	[{"text":"只要再坚持，再坚持一会儿就能……"}]														
				12	鸢一折纸	[{"text":"可恶……！"}]														
			6-4-2A2开场1	12	鸢一折纸	[{"text":"可恶……！"}]														
				21	杰西卡·贝莉	[{"text":"哈哈哈，看来你的时限赢到了。"}]														
				21	杰西卡·贝莉	[{"text":"虽然还想再多陪你玩一会儿，但我还有别的是要做。"}]														
				22	杰西卡·贝莉	[{"text":"你就感谢我能给你个痛快吧！"}]														
			6-4-2A2开场2	21	杰西卡·贝莉	[{"text":"怎么回事！？"}]														
				11	鸢一折纸	[{"text":"真那？"}]														
				21	崇宫真那	[{"text":"好久不见呢，鸢一上士，还有杰西卡。"}]														
				22	杰西卡·贝莉	[{"text":"<Adeptus 2>，为何要攻击我方！"}]														
				11	崇宫真那	[{"text":"对哦，你们还不知道，我已经从DEM离职了。"}]														
				11	崇宫真那	[{"text":"麻烦转告你们老板，我之后会去领我的辞退金的。"}]														
				11	崇宫真那	[{"text":"当然，是用他的人头来抵。"}]														
			6-4-2A3BOSS战	11	崇宫真那	[{"text":"你们居然还没被我吓到撤退吗？真是成长了不少呢。"}]														
				22	杰西卡·贝莉	[{"text":"不要小瞧我！「达人二号」！"}]														
				11	崇宫真那	[{"text":"能别用那个代号叫我了吗？很烦啊。"}]														
			6-4-2A3结束	22	杰西卡·贝莉	[{"text":"咕啊——！……"}]														
				11	崇宫真那	[{"text":"终于安静下来了。"}]														
				11	崇宫真那	[{"text":"你们带着她赶紧撤退吧，否则的话——"}]														
				22	DEM队员	[{"text":"噫！撤、撤退！"}]														
			6-4-2B1开场1	12	诱宵美九	[{"text":"别开玩笑了……我不承认这种结果！"}]														
				12	诱宵美九	[{"text":"「破军歌姬」！"}]														
			6-4-2B1开场2	22	夜刀神十香	[{"text":"发生了什么？%s ！没事——四糸乃！？"}]														
				21	四糸乃	[{"text":"你们……惹姐姐大人生气了……"}]														
				22	四糸奈	[{"text":"不能原谅哦，不能饶恕哦，要抓起来用酷刑哦！嘎哈！"}]														
				21	八舞耶俱矢	[{"text":"愚蠢之人，竟敢对姐姐大人不敬，只能赐你万死了。"}]														
				21	八舞夕弦	[{"text":"嘲笑。不会让你动姐姐大人的一根手指的。"}]														
				11	诱宵美九	[{"text":"呀~会场上竟然还有这么多精灵，你真坏呢~"}]														
				11	诱宵美九	[{"text":"各位~把她们抓起来~"}]														
			6-4-2B1结束	12	诱宵美九	[{"text":"什……么……？%s ，你竟然是男……男……男人！？"}]														
				12	诱宵美九	[{"text":"呀——！"}]														
				12	诱宵美九	[{"text":"肮脏！污秽！你竟敢欺骗我！"}]														
				12	诱宵美九	[{"text":"不可饶恕！不可饶恕！"}]														
			6-4-2B2开场	12	诱宵美九	[{"text":"不可饶恕！"}]														
				21	艾伦·马瑟斯	[{"text":"啊，真是热闹呢。"}]														
				11	诱宵美九	[{"text":"你是谁？"}]														
				11	艾伦·马瑟斯	[{"text":"我不找你，我要找的是——"}]														
				21	夜刀神十香	[{"text":"%s ！快逃！"}]														
				21	艾伦·马瑟斯	[{"text":"嚯？让别人逃走，自己留下来吗？还真是冷静的判断呢。"}]														
			6-4-2B2BOSS战	21	艾伦·马瑟斯	[{"text":"没关系，「公主」，只要抓到你就可以了。"}]														
				21	艾伦·马瑟斯	[{"text":"到时候，他也一定会再次来到我的面前的。"}]														
				22	夜刀神十香	[{"text":"不会如你所愿的！"}]														
			6-4-2B2 结束	11	诱宵美九	[{"text":"你们到底……想做什么……"}]														
				21	艾伦·马瑟斯	[{"text":"虽然我个人很想把你们一网打尽"}]														
				21	艾伦·马瑟斯	[{"text":"但现在的任务是把「公主」带回去"}]														
				21	艾伦·马瑟斯	[{"text":"不过放心好了，迟早有一天，会派我来接你们的"}]														
				21	艾伦·马瑟斯	[{"text":"再见。"}]														
			7-1-2开场1	11	时崎狂三	[{"text":"诱宵美九，其实曾经是人类。"}]														
				11	时崎狂三	[{"text":"啊啦，你竟然一点都不惊讶吗？不错不错。"}]														
				11	时崎狂三	[{"text":"好吧，时间宝贵，我们现在就去和她「谈判」吧。"}]														
			7-1-2开场2	21	诱宵美九	[{"text":"你好大的胆子，竟然还敢回到这里。"}]														
				22	诱宵美九	[{"text":"大家，抓住——这是怎么回事！？"}]														
				12	时崎狂三	[{"text":"嘻嘻嘻，在数量上，是不可能有人能胜过我的唷！"}]														
			7-1-3 BOSS战	22	诱宵美九	[{"text":"你到底是怎么一回事……！"}]														
				11	时崎狂三	[{"text":"你还不明白吗？看来必须给你好好上一课才行。"}]														
			7-1-3 结束	22	诱宵美九	[{"text":"呀！！！这是什么！！"}]														
				11	时崎狂三	[{"text":"撒，%s 同学，接下来就看你的了，我会尽量争取时间的。"}]														
			7-1-5 开始	22	八舞耶俱矢	[{"text":"你对姐姐大人做了什么！"}]														
				11	时崎狂三	[{"text":"嘛，反正也很无聊，我就来陪你们玩玩吧。"}]														
			7-1-5 结束	11	时崎狂三	[{"text":"%s 同学，时间差不多了哟。"}]														
				21	四糸乃	[{"text":"姐姐大人……没事吧……"}]														
				11	时崎狂三	[{"text":"虽然不知道你们谈得如何，不过现在必须撤退了呢。"}]														
				11	时崎狂三	[{"text":"感谢你们的盛情款待，再见~"}]														
			7-2-1 开始	11	时崎狂三	[{"text":"嘻嘻嘻，没想到你竟然还会邀请她来帮忙"}]														
				11	时崎狂三	[{"text":"你的意思是，有我在还不够吗？嘻嘻嘻~"}]														
				11	时崎狂三	[{"text":"嘛，我已经知道了十香小姐的位置。"}]														
				11	时崎狂三	[{"text":"我们现在就出发吧，我会帮你扫清道路的。"}]														
			7-2-2 BOSS登场	21	崇宫真那	[{"text":"你又在骚扰我的哥哥大人，「梦魇」。"}]														
				11	时崎狂三	[{"text":"请不要说得这么不雅好吗？我们可是在约会哦。"}]														
				22	崇宫真那	[{"text":"约会？谁会信啊。快点放开他！"}]														
			7-2-2 战斗结束	11	时崎狂三	[{"text":"哎呀，这才一段时间没见过，你又变强了吗？"}]														
				11	时崎狂三	[{"text":"而且……身体也有所恢复了。"}]														
				21	崇宫真那	[{"text":"我的事情不需要你关心。"}]														
				11	时崎狂三	[{"text":"嘛，看来已经这边已经不太需要我了。"}]														
				11	时崎狂三	[{"text":"%s 同学，下次再会吧。记得你欠我一个人情唷。"}]														
			7-2-4 Boss战	22	杰西卡·贝莉	[{"text":"真——那——！！！！！！！"}]														
				11	崇宫真那	[{"text":"杰西卡？你装备的那个是……Red Lycoris！"}]														
				22	杰西卡·贝莉	[{"text":"终于，终于有机会击败你了！只要我有这个！"}]														
				12	崇宫真那	[{"text":"杰西卡！赶快解除那套装备，你是驾驭不了的！"}]														
				22	杰西卡·贝莉	[{"text":"真——那——！受死吧！"}]														
			7-2-4 结束	22	杰西卡·贝莉	[{"text":"真——那——！不要跑！"}]														
				11	崇宫真那	[{"text":"真是缠人啊……哥哥大人，我先把杰西卡引开"}]														
				12	崇宫真那	[{"text":"你在这里不要动，我马上回来找你！"}]														
			7-2-5 BOSS战	22	杰西卡·贝莉	[{"text":"真那，崇宫·真那！"}]														
				12	崇宫真那	[{"text":"杰西卡！活动时限已经到了！不要再强撑了！"}]														
				21	杰西卡·贝莉	[{"text":"终于，我要取代你，成为——"}]														
				22	杰西卡·贝莉	[{"text":"咕啊！"}]														
				12	崇宫真那	[{"text":"杰西卡！"}]														
				22	杰西卡·贝莉	[{"text":"啊啊啊啊啊啊！我绝对不会输！"}]														
			7-2-5 结束	21	杰西卡·贝莉	[{"text":"咳咳……真、真那……"}]														
				21	杰西卡·贝莉	[{"text":"我很强大吧……我不会再输给任何人了……对吧……"}]														
				21	杰西卡·贝莉	[{"text":"韦斯考特大人……也会认同……我了吧……"}]														
				11	崇宫真那	[{"text":"嗯……当然了。"}]														
				21	杰西卡·贝莉	[{"text":"我……还想给韦斯考特大人倒一杯……咖啡……"}]														
				11	崇宫真那	[{"text":"嗯……我想他会高兴的。"}]														
				21	杰西卡·贝莉	[{"text":"是嘛……那真是太——咕呃——……"}]														
				11	崇宫真那	[{"text":"……"}]														
				12	崇宫真那	[{"text":"……艾萨克·韦斯考特！"}]														
			7-3-1A1 开场	11	鸢一折纸	[{"text":"%s ，千万不要出事。"}]														
			7-3-1A1 BOSS战	21	艾伦·马瑟斯	[{"text":"我还以为是谁呢，原来是你。"}]														
				21	艾伦·马瑟斯	[{"text":"算我多管闲事，你不好好躺在医院里，就不怕死吗？"}]														
				12	鸢一折纸	[{"text":"……让开！"}]														
				21	艾伦·马瑟斯	[{"text":"看来你的脑袋不太好用。算了，让我来给你个教训吧。"}]														
			7-3-1A1结束	22	艾伦·马瑟斯	[{"text":"什——！？"}]														
				21	艾伦·马瑟斯	[{"text":"哼！真不错啊，能伤到我的人，你还是第二个，鸢一折纸。"}]														
				12	鸢一折纸	[{"text":"哈……哈……嘁！"}]														
				21	艾伦·马瑟斯	[{"text":"嗯？艾克？……遵命！"}]														
				21	艾伦·马瑟斯	[{"text":"看来没时间了，算你走运。"}]														
				12	鸢一折纸	[{"text":"别……别想逃！"}]														
			7-3-1B1开场	12	时崎狂三	[{"text":"嘻嘻嘻，嘻嘻嘻嘻嘻！"}]														
				12	时崎狂三	[{"text":"撒，「我们」，狩猎时间才刚刚开始！"}]														
			7-3-1C1开场	22	八舞耶俱矢	[{"text":"嗤嗤嗤，愚蠢的人类啊，接下姐姐大人的愤怒吧！"}]														
				21	四糸乃	[{"text":"我……不想看到……姐姐大人伤心的样子……"}]														
					八舞夕弦															
			7-3-3开场																	
